funded_label,posts,avg_reach,avg_engagement,avg_engagement_rate,avg_seconds_viewed
NaN,870,15236.278215223098,3573.5758620689653,0.5165239180034936,3744.0876896551727
